Num.,Fname.,Time,Density,Scene,NOTE
1,e00001,daytime,dense,building,
2,e00002,daytime,dense,building,
3,e00003,nighttime,dense,others,
4,e00004,daytime,sparse,plant,
5,e00005,daytime,sparse,plant,
6,e00006,daytime,dense,country,
7,e00007,daytime,sparse,building,
8,e00008,daytime,dense,building,
9,e00009,daytime,sparse,building,
10,e00010,daytime,dense,plant,
11,e00011,daytime,dense,plant,
12,e00012,daytime,sparse,building,
13,e00013,daytime,sparse,plant,
14,e00014,daytime,dense,building,
15,e00015,daytime,dense,building,
16,m00001,daytime,dense,building,
17,p00001,daytime,dense,building,
18,p00002,daytime,dense,building,
19,p00003,daytime,dense,country,
20,p00004,daytime,dense,country,
21,p00005,daytime,dense,others,
22,p00006,daytime,dense,plant,
23,p00007,nighttime,dense,city,
24,p00008,daytime,dense,building,
25,p00009,daytime,dense,city,
26,p00010,daytime,dense,plant,
27,p00011,nighttime,dense,city,
28,p00012,nighttime,dense,city,
29,p00013,nighttime,dense,city,
30,s00001,daytime,dense,plant,
31,s00002,daytime,dense,city,
32,s00003,daytime,dense,building,
33,s00004,daytime,sparse,city,
34,s00005,daytime,dense,building,
35,s00006,daytime,dense,plant,
36,s00007,daytime,dense,plant,
37,s00008,daytime,dense,plant,
38,s00009,daytime,sparse,building,
39,s00010,daytime,dense,building,
40,s00011,daytime,dense,building,
41,s00012,daytime,dense,city,
42,s00013,daytime,dense,plant,
43,s00014,daytime,dense,plant,
44,s00015,daytime,dense,building,
45,s00016,nighttime,sparse,city,
46,s00017,nighttime,dense,city,
47,s00018,daytime,dense,building,
48,s00019,daytime,dense,city,
49,s00020,daytime,sparse,city,
50,s00021,nighttime,dense,others,
51,s00022,nighttime,dense,city,
52,s00023,daytime,dense,city,
53,s00024,daytime,sparse,building,
54,s00025,nighttime,sparse,city,
55,s00026,nighttime,dense,city,
56,s00027,daytime,dense,plant,
57,s00028,daytime,dense,building,
58,s00029,daytime,dense,building,
59,s00030,daytime,dense,plant,
60,s00031,daytime,sparse,building,
61,s00032,daytime,sparse,city,
62,s00033,daytime,dense,building,
63,s00034,daytime,sparse,city,
64,s00035,daytime,sparse,building,
65,s00036,daytime,sparse,city,
66,s00037,daytime,sparse,city,
67,s00038,daytime,dense,country,
68,s00039,daytime,sparse,country,
69,s00040,daytime,sparse,city,
70,s00041,daytime,sparse,country,
71,s00042,daytime,sparse,city,
72,s00043,daytime,dense,country,
73,s00044,daytime,sparse,city,
74,s00045,daytime,sparse,others,
75,s00046,daytime,dense,others,
76,s00047,daytime,dense,building,
77,s00048,daytime,dense,others,
78,s00049,daytime,dense,plant,
79,s00050,daytime,dense,building,
80,t00001,daytime,dense,city,
81,t00002,daytime,dense,city,
82,t00003,daytime,dense,city,
83,t00004,daytime,dense,city,
84,t00005,daytime,dense,building,
85,t00006,nighttime,sparse,city,
86,t00007,daytime,dense,city,
87,t00008,daytime,dense,building,
88,t00009,daytime,dense,building,
89,t00010,daytime,dense,building,
90,t00011,daytime,dense,building,
91,t00012,daytime,dense,country,
92,t00013,daytime,dense,country,
93,t00014,daytime,dense,country,
94,t00015,daytime,dense,city,
95,t00016,daytime,dense,plant,
96,t00017,daytime,dense,building,
97,t00018,nighttime,dense,city,
98,t00019,daytime,dense,country,
99,t00020,daytime,dense,building,
100,t00021,daytime,dense,city,
101,v00001,daytime,dense,city,
102,v00002,daytime,sparse,building,
103,v00003,nighttime,sparse,city,
104,v00004,daytime,sparse,building,
105,y00001,nighttime,dense,city,
106,y00002,daytime,sparse,plant,
107,y00003,daytime,sparse,plant,
108,y00004,daytime,sparse,plant,
109,y00005,daytime,sparse,plant,
110,y00006,daytime,dense,plant,
111,y00007,daytime,dense,plant,
112,y00008,daytime,dense,plant,
113,y00009,daytime,sparse,plant,
114,y00010,nighttime,dense,city,
115,y00011,nighttime,dense,city,
116,y00012,nighttime,dense,city,
117,y00013,daytime,dense,country,
118,y00014,daytime,dense,building,
119,y00015,nighttime,sparse,city,
120,y00016,daytime,sparse,city,
121,y00017,daytime,dense,city,
122,y00018,daytime,dense,building,
123,y00019,daytime,sparse,plant,
124,y00020,daytime,sparse,city,
125,y00021,daytime,sparse,city,
126,y00022,daytime,dense,city,
127,y00023,daytime,sparse,city,
128,y00024,daytime,dense,city,
129,y00025,nighttime,dense,city,
130,y00026,nighttime,sparse,city,
131,y00027,nighttime,dense,city,
132,y00028,nighttime,dense,city,
133,y00029,daytime,dense,plant,
134,y00030,daytime,sparse,country,
135,y00031,daytime,sparse,city,
136,y00032,daytime,dense,city,
137,y00033,daytime,sparse,country,
138,y00034,daytime,sparse,country,
139,y00035,daytime,dense,building,
140,y00036,daytime,dense,building,
141,y00037,nighttime,dense,city,
142,y00038,daytime,sparse,country,
143,y00039,nighttime,dense,city,
144,y00040,nighttime,dense,city,
145,y00041,daytime,sparse,country,
146,y00042,nighttime,dense,country,
147,y00043,nighttime,sparse,country,
148,y00044,daytime,sparse,building,
149,y00045,daytime,sparse,building,
150,y00046,nighttime,dense,city,
151,y00047,daytime,dense,building,
152,y00048,daytime,dense,building,
153,y00049,nighttime,dense,city,
154,y00050,nighttime,dense,city,
155,y00051,nighttime,dense,city,
156,y00052,daytime,dense,city,
157,y00053,nighttime,dense,city,
158,y00054,nighttime,dense,city,
159,y00055,nighttime,dense,city,
160,y00056,nighttime,sparse,city,
161,y00057,daytime,sparse,building,
162,y00058,daytime,sparse,city,
163,y00059,nighttime,sparse,city,
164,y00060,nighttime,sparse,city,
165,y00061,daytime,sparse,country,
166,y00062,daytime,sparse,building,
167,y00063,daytime,sparse,building,
168,y00064,daytime,sparse,plant,
169,y00065,daytime,dense,building,
170,y00066,daytime,dense,city,
171,y00067,daytime,sparse,city,
172,y00068,daytime,sparse,city,
173,y00069,daytime,dense,plant,
174,y00070,nighttime,dense,city,
175,y00071,nighttime,dense,city,
176,y00072,nighttime,dense,city,
177,y00073,nighttime,dense,city,
178,y00074,nighttime,dense,city,
179,y00075,nighttime,dense,city,
180,y00076,nighttime,dense,city,
181,y00077,nighttime,dense,city,
182,y00078,daytime,dense,country,
183,y00079,nighttime,dense,country,
184,y00080,daytime,dense,country,
185,y00081,daytime,dense,building,
186,y00082,daytime,dense,city,
187,y00083,daytime,dense,building,
188,y00084,daytime,dense,country,Crop left and top [done]
189,y00085,daytime,sparse,city,
190,y00086,nighttime,dense,city,
191,y00087,daytime,dense,building,
192,y00088,daytime,dense,building,
193,y00089,nighttime,sparse,city,
194,y00090,nighttime,dense,plant,
195,y00091,nighttime,sparse,city,
196,y00092,nighttime,dense,city,
197,y00093,daytime,dense,building,
198,y00094,nighttime,dense,city,
199,y00095,nighttime,dense,city,
200,y00096,nighttime,dense,city,
201,y00097,daytime,dense,country,
202,y00098,daytime,dense,building,
203,y00099,nighttime,dense,city,
204,y00100,nighttime,dense,city,
205,y00101,nighttime,dense,city,
206,y00102,daytime,dense,country,
207,y00103,daytime,dense,city,
208,y00104,daytime,dense,city,
209,y00105,nighttime,dense,city,
210,y00106,nighttime,sparse,others,
211,y00107,nighttime,dense,country,
212,y00108,nighttime,dense,country,
213,y00109,daytime,dense,building,
214,y00110,daytime,dense,plant,
215,y00111,daytime,dense,country,
216,y00112,daytime,dense,country,
217,y00113,nighttime,dense,city,
218,y00114,nighttime,dense,city,
219,y00115,daytime,dense,country,
220,y00116,daytime,dense,country,
221,y00117,daytime,dense,country,
222,y00118,daytime,sparse,country,
223,y00119,daytime,sparse,country,
224,y00120,daytime,sparse,building,
225,y00121,daytime,sparse,plant,
226,y00122,daytime,dense,country,
227,y00123,daytime,sparse,country,
228,y00124,daytime,sparse,country,
229,y00125,daytime,sparse,country,
230,y00126,daytime,dense,building,
231,y00127,daytime,dense,building,
232,y00128,daytime,sparse,building,
233,y00129,daytime,dense,building,
234,y00130,daytime,dense,building,
235,y00131,nighttime,dense,city,
236,y00132,nighttime,dense,city,
237,y00133,daytime,sparse,country,
238,y00134,nighttime,dense,city,
239,y00135,nighttime,dense,city,
240,y00136,nighttime,dense,city,
241,y00137,nighttime,dense,plant,
242,y00138,nighttime,dense,city,
243,y00139,nighttime,dense,city,
244,y00140,nighttime,dense,plant,
245,y00141,nighttime,dense,city,
246,y00142,daytime,dense,plant,
247,y00143,daytime,dense,country,
248,y00144,daytime,dense,country,
249,y00145,daytime,dense,country,
250,m00002,nighttime,dense,city,
251,m00003,nighttime,dense,city,
252,m00004,nighttime,dense,city,
253,m00005,daytime,dense,city,
254,m00006,daytime,dense,city,
255,m00007,daytime,sparse,city,
256,m00008,daytime,sparse,city,
